Term1	Term2	String1	String2	Mean	StdDev	RawScores
ferrari	lamborghini	Ferrari	Lamborghini	97.6000	2.2450	[97, 100, 100, 94, 97]
river_kent	river_thames	River Kent	River Thames	93.6000	10.3653	[98, 100, 97, 73, 100]
ronald_reagan	barack_obama	Ronald Reagan	Barack Obama	93.5000	8.6168	[100, 79, 100, 95]
mount_st._helens	mount_vesuvius	Mount St. Helens	Mount vesuvius	93.0000	6.2849	[100, 93, 96, 83]
asia	china	Asia	China	92.7500	6.3787	[82, 94, 97, 98]
modern_gallery,_zagreb	zagreb	Modern Gallery, Zagreb	Zagreb	92.2500	7.2241	[82, 89, 100, 98]
fc_dynamo_voronezh	leicester_city_f.c.	F.C. Dynamo Voronezh	Leicester City F.C.	92.0000	7.4833	[80, 100, 92, 96]
new_york_city	new_york_yankees	New York City	New York Yankees	91.5000	12.0104	[100, 95, 71, 100]
vladimir_putin	moscow	Vladimir Putin	Moscow	91.4000	12.6586	[91, 67, 99, 100, 100]
condé_nast	virgin_media	Condé Nast	Virgin Media	90.8000	10.4575	[96, 72, 99, 87, 100]
iraq	iran	Iraq	Iran	90.8000	7.1386	[100, 90, 89, 96, 79]
rocky_mountains	himalayas	Rocky Mountains	Himalayas	90.7500	9.8330	[100, 90, 98, 75]
cambodia	khmer_rouge	Cambodia	Khmer Rouge	90.7500	12.1115	[70, 95, 98, 100]
michael_jordan	national_basketball_association	Michael Jordan	National Basketball Association	90.0000	12.3288	[92, 66, 94, 98, 100]
the_louvre	paris	The Louvre	Paris	89.8000	8.3762	[89, 98, 76, 87, 99]
brad_pitt	leonardo_dicaprio	Brad Pitt	Leonardo DiCaprio	89.8000	8.3042	[80, 98, 100, 81, 90]
volga_river	nile	Volga River	Nile	89.7500	12.0908	[94, 98, 69, 98]
italy	france	Italy	France	89.0000	6.8191	[79, 91, 98, 88]
blue_ridge_mountains	catskill_mountains	Blue Ridge Mountains	Catskill Mountains	88.8000	7.4673	[81, 100, 86, 95, 82]
technical_university_munich	leipzig_university	Technical University Munich	Leipzig University	88.7500	10.2804	[72, 100, 92, 91]
moscow	moscow_kremlin	Moscow	Moscow Kremlin	88.5000	14.2916	[89, 100, 100, 65]
university_of_missouri	university_of_north_carolina_at_greensboro	University of Missouri	University of North Carolina at Greensboro	88.2500	5.8041	[83, 82, 93, 95]
england	university_of_cambridge	England	University of Cambridge	86.7500	16.6038	[96, 96, 97, 58]
european_space_agency	indian_space_research_organisation	European Space Agency	Indian Space Research Organisation	86.5000	9.0139	[78, 95, 77, 96]
real_madrid_c.f.	fc_barcelona	Real Madrid C.F.	FC Barcelona	86.5000	10.1612	[96, 74, 97, 79]
oxfam	habitat_for_humanity	Oxfam	Habitat for Humanity	86.5000	10.7355	[96, 71, 97, 82]
bill_clinton	gordon_brown	Bill Clinton	Gordon Brown	86.4000	11.5343	[74, 83, 100, 75, 100]
mount_st._helens	washington_(state)	Mount St. Helens	Washington (state)	86.2500	15.2049	[96, 88, 100, 61]
university_of_toronto	university_of_california,_berkeley	University of Toronto	University of California, Berkeley	86.2500	12.0908	[90, 98, 66, 91]
franklin_d._roosevelt	ronald_reagan	Franklin D. Roosevelt	Ronald Reagan	86.0000	6.7231	[73, 87, 92, 90, 88]
munich	fc_bayern_munich	Munich	F.C. Bayern Munich	85.6000	12.9399	[94, 85, 62, 87, 100]
tony_blair	united_kingdom	Tony Blair	United Kingdom	85.4000	13.5144	[62, 99, 87, 98, 81]
russia	moscow_metro	Russia	Moscow Metro	85.4000	16.8594	[99, 100, 98, 61, 69]
british_airways	aeroflot	British Airways	Aeroflot	85.4000	11.3066	[75, 94, 100, 70, 88]
vatican_museums	roman_catholic_church	Vatican Museums	Catholic Church	85.2500	15.1719	[59, 94, 95, 93]
danube	river_thames	Danube	River Thames	84.6000	10.0717	[88, 98, 90, 78, 69]
danielle_steel	ernest_hemingway	Danielle Steel	Ernest Hemingway	84.2500	12.6960	[100, 66, 91, 80]
greece	mount_olympus	Greece	Mount Olympus	84.2000	10.2450	[92, 94, 78, 67, 90]
puerto_rico	cuba	Puerto Rico	Cuba	83.2000	12.4804	[71, 86, 100, 92, 67]
jon_stewart	glenn_beck	Jon Stewart	Glenn Beck	81.7500	12.6960	[86, 64, 99, 78]
maya_angelou	bell_hooks	Maya Angelou	bell hooks	81.6000	9.3936	[64, 82, 91, 83, 88]
denmark	europe	Denmark	Europe	81.0000	19.0683	[95, 96, 53, 63, 98]
aristotle	greece	Aristotle	Greece	81.0000	25.7449	[31, 97, 100, 95, 82]
martin_luther_king,_jr.	rosa_parks	Martin Luther King, Jr.	Rosa Parks	80.6000	7.0029	[90, 85, 73, 72, 83]
karl_marx	joseph_stalin	Karl Marx	Joseph Stalin	80.2500	16.0059	[94, 98, 68, 61]
barack_obama	john_mccain	Barack Obama	John McCain	79.8000	8.1339	[84, 79, 72, 71, 93]
matterhorn	mount_everest	Matterhorn	Mount Everest	79.7500	12.1321	[72, 100, 78, 69]
leon_trotsky	fyodor_dostoyevsky	Leon Trotsky	Fyodor Dostoyevsky	79.4000	9.1782	[89, 70, 73, 73, 92]
bugatti	chrysler	Bugatti	Chrysler	78.5000	7.4330	[88, 83, 69, 74]
daniel_radcliffe	matt_damon	Daniel Radcliffe	Matt Damon	78.5000	9.0139	[85, 87, 64, 78]
minas_tirith	minas_morgul	Minas Tirith	Minas Morgul	77.8000	38.9379	[95, 96, 100, 0, 98]
iceland	greenland	Iceland	Greenland	77.7500	4.6030	[78, 84, 78, 71]
william_shatner	george_takei	William Shatner	George Takei	77.7500	11.9033	[81, 79, 59, 92]
brazil	bric	Brazil	BRIC	77.2500	29.2436	[100, 27, 91, 91]
shanghai_sharks	phoenix_suns	Shanghai Sharks	Phoenix Suns	76.4000	21.8961	[95, 100, 38, 77, 72]
volga_river	dnieper_river	Volga River	Dnieper	76.0000	38.5175	[97, 100, 0, 83, 100]
american_civil_liberties_union	national_association_for_the_advancement_of_colored_people	American Civil Liberties Union	National Association for the Advancement of Colored People	76.0000	14.4741	[93, 86, 69, 56]
jane_austen	edgar_allan_poe	Jane Austen	Edgar Allan Poe	75.5000	10.9659	[81, 90, 61, 70]
american_red_cross	american_heart_association	American Red Cross	American Heart Association	75.5000	12.7574	[59, 69, 81, 93]
new_jersey	princeton_university	New Jersey	Princeton University	75.2500	26.6400	[30, 82, 96, 93]
shanghai_art_museum	shanghai	Shanghai art museum	Shanghai	75.2000	33.5285	[100, 14, 98, 64, 100]
royal_swedish_academy_of_sciences	indian_institutes_of_technology	Royal Swedish Academy of Sciences	Indian Institutes of Technology	75.2000	12.9831	[69, 100, 62, 73, 72]
ivan_the_terrible	russia	Ivan the Terrible	Russia	75.0000	27.2029	[97, 29, 93, 81]
lionel_messi	derek_jeter	Lionel Messi	Derek Jeter	75.0000	14.5190	[64, 83, 100, 65, 63]
silvio_berlusconi	ronald_reagan	Silvio Berlusconi	Ronald Reagan	74.8000	19.4155	[59, 57, 97, 61, 100]
norway	denmark	Norway	Denmark	74.5000	9.1241	[75, 60, 78, 85]
german_army	spanish_navy	German Army	Spanish Navy	74.5000	34.4710	[92, 99, 15, 92]
mikhail_bulgakov_museum	moscow	Mikhail Bulgakov Museum	Moscow	74.2500	31.5941	[20, 88, 99, 90]
barack_obama	hillary_rodham_clinton	Barack Obama	Hillary Rodham Clinton	74.2500	13.4977	[84, 60, 62, 91]
christ	gautama_buddha	Jesus	Gautama Buddha	74.2000	12.4643	[75, 54, 86, 88, 68]
ben_affleck	rosario_dawson	Ben Affleck	Rosario Dawson	74.0000	15.1658	[86, 48, 82, 80]
hirohito	tokyo	Hirohito	Tokyo	73.6000	30.3486	[100, 21, 91, 58, 98]
johann_sebastian_bach	claude_debussy	Johann Sebastian Bach	Claude Debussy	73.0000	25.5969	[76, 25, 88, 76, 100]
iran	university_of_tehran	Iran	University of Tehran	72.2000	26.2023	[96, 100, 28, 61, 76]
singapore	laos	Singapore	Laos	71.5000	21.6852	[79, 100, 40, 67]
ottoman_empire	turkey	Ottoman Empire	Turkey	71.2000	30.9218	[72, 12, 100, 84, 88]
muhammad_ali	world_boxing_organization	Muhammad Ali	World Boxing Organization	71.0000	16.5680	[89, 53, 56, 86]
ralph_lauren	karl_lagerfeld	Ralph Lauren	Karl Lagerfeld	70.5000	19.7800	[42, 79, 96, 65]
julius_caesar	roman_army	Julius Caesar	Roman army	69.7500	26.0900	[29, 65, 94, 91]
canada	greenland	Canada	Greenland	69.7500	17.1810	[40, 79, 80, 80]
sergei_rachmaninoff	johann_sebastian_bach	Sergei Rachmaninoff	Johann Sebastian Bach	69.2500	22.3984	[92, 55, 90, 40]
qianlong_emperor	cao_cao	Qianlong Emperor	Cao Cao	69.2000	35.3350	[85, 80, 100, 0, 81]
lionel_messi	wayne_gretzky	Lionel Messi	Wayne Gretzky	68.7500	26.6024	[84, 99, 28, 64]
lionel_messi	fifa	Lionel Messi	FIFA	68.6000	19.4381	[87, 36, 59, 73, 88]
national_collegiate_athletic_association	united_states_olympic_committee	National Collegiate Athletic Association	United States Olympic Committee	68.6000	20.7615	[41, 100, 80, 52, 70]
beijing	yangtze_river	Beijing	Yangtze	68.2500	36.3825	[97, 6, 81, 89]
united_kingdom	eton_college	United Kingdom	Eton College	68.0000	33.5082	[31, 24, 100, 99, 86]
toshiro_mifune	akira_kurosawa	Toshiro Mifune	Akira Kurosawa	67.8000	20.0539	[88, 53, 73, 37, 88]
achilles	athens	Achilles	Athens	67.7500	39.6003	[88, 100, 83, 0]
vladimir_lenin	bolsheviks	Vladimir Lenin	Bolsheviks	67.6000	34.4418	[97, 0, 83, 79, 79]
nepal	sudan	Nepal	Sudan	67.5000	31.6662	[14, 92, 74, 90]
shahrukh_khan	fred_astaire	Shah Rukh Khan	Fred Astaire	67.4000	33.9211	[81, 100, 4, 63, 89]
arjuna	india	Arjuna	India	67.4000	35.9310	[88, 90, 0, 61, 98]
sachin_tendulkar	ken_griffey,_jr.	Sachin Tendulkar	Ken Griffey, Jr.	67.0000	27.0832	[81, 100, 27, 60]
george_harrison	liverpool	George Harrison	Liverpool	67.0000	27.1514	[77, 100, 24, 49, 85]
wales	cardiff_university	Wales	Cardiff University	66.2500	38.7710	[0, 78, 94, 93]
burkina_faso	democratic_republic_of_the_congo	Burkina Faso	Democratic Republic of the Congo	65.8000	33.6951	[71, 78, 90, 0, 90]
a._r._rahman	john_philip_sousa	A. R. Rahman	John Philip Sousa	65.7500	19.5752	[92, 56, 40, 75]
aeroflot	air_canada	Aeroflot	Air Canada	65.7500	38.0025	[0, 88, 85, 90]
kyrgyzstan	turkey	Kyrgyzstan	Turkey	65.2000	14.9452	[76, 40, 76, 78, 56]
guatemala	dominican_republic	Guatemala	Dominican Republic	65.0000	33.9352	[75, 97, 0, 68, 85]
ukraine	lithuania	Ukraine	Lithuania	65.0000	21.0357	[83, 54, 36, 87]
california	hawaii	California	Hawaii	64.7500	20.1665	[76, 34, 88, 61]
lyndon_b._johnson	john_kerry	Lyndon B. Johnson	John Kerry	64.7500	31.6652	[84, 85, 10, 80]
europe	manchester_united_f.c.	Europe	Manchester United F.C.	64.7500	37.8178	[79, 85, 95, 0]
woodrow_wilson	jimmy_carter	Woodrow Wilson	Jimmy Carter	64.5000	31.6899	[83, 72, 11, 92]
adele	united_kingdom	Adele	United Kingdom	64.5000	27.1063	[74, 18, 84, 82]
bell_hooks	ayn_rand	bell hooks	Ayn Rand	64.5000	37.4867	[0, 93, 83, 82]
the_louvre	museo_del_prado	The Louvre	Museo del Prado	64.2500	39.4739	[0, 100, 64, 93]
julia_roberts	lady_gaga	Julia Roberts	Lady Gaga	64.0000	21.0808	[76, 82, 41, 36, 85]
abraham_lincoln	napoleon	Abraham Lincoln	Napoleon	64.0000	19.5653	[55, 100, 57, 42, 66]
winston_churchill	lyndon_b._johnson	Winston Churchill	Lyndon B. Johnson	63.4000	19.0746	[58, 30, 87, 72, 70]
david_sedaris	buster_keaton	David Sedaris	Buster Keaton	63.4000	32.0412	[74, 72, 99, 3, 69]
social_security_administration	small_business_administration	Social Security Administration	Small Business Administration	63.0000	36.6674	[0, 91, 78, 83]
algeria	france	Algeria	France	63.0000	36.9932	[0, 94, 83, 75]
lithuania	kosovo	Lithuania	Kosovo	62.7500	29.9781	[18, 96, 54, 83]
harvard_law_school	london_school_of_economics	Harvard Law School	London School of Economics	62.2500	21.3234	[49, 37, 70, 93]
marilyn_monroe	brad_pitt	Marilyn Monroe	Brad Pitt	62.2500	29.9364	[78, 100, 20, 51]
vladimir_putin	moscow_metro	Vladimir Putin	Moscow Metro	62.2000	39.8768	[97, 100, 21, 7, 86]
iran	afghanistan	Iran	Afghanistan	62.0000	25.4853	[54, 81, 89, 24]
michelangelo	roman_catholic_church	Michelangelo	Catholic Church	61.8000	33.4090	[28, 23, 100, 58, 100]
himeji_castle	japan	Himeji Castle	Japan	61.7500	36.3413	[71, 78, 1, 97]
cleopatra	ramesses_ii	Cleopatra	Ramesses II	61.7500	37.0430	[0, 66, 89, 92]
richard_pryor	cary_grant	Richard Pryor	Cary Grant	61.6000	27.9900	[56, 63, 80, 13, 96]
new_york_city_ballet	london_symphony_orchestra	New York City Ballet	London Symphony Orchestra	61.4000	20.3823	[74, 41, 93, 60, 39]
fred_astaire	carol_channing	Fred Astaire	Carol Channing	61.2500	19.4856	[32, 86, 59, 68]
puerto_rico	united_states	Puerto Rico	United States	61.2500	12.7940	[67, 40, 64, 74]
ohio_state_university	columbus_crew	Ohio State University	Columbus Crew S.C.	60.8000	36.2569	[82, 13, 99, 89, 21]
tony_blair	john_f._kennedy	Tony Blair	John F. Kennedy	60.7500	37.4391	[80, 0, 63, 100]
moscow	volga_river	Moscow	Volga River	60.5000	38.2916	[87, 99, 56, 0]
ferdinand_vii_of_spain	spanish_armed_forces	Ferdinand VII of Spain	Spanish Armed Forces	60.2500	33.2594	[4, 68, 88, 81]
shahrukh_khan	abhishek_bachchan	Shah Rukh Khan	Abhishek Bachchan	60.0000	35.7827	[40, 100, 0, 79, 81]
royal_australian_air_force	russian_navy	Royal Australian Air Force	Russian Navy	59.8000	22.3195	[63, 57, 87, 20, 72]
cuba	florida	Cuba	Florida	59.7500	15.7540	[74, 34, 60, 71]
cairo	tokyo	Cairo	Tokyo	59.7500	28.7522	[16, 91, 53, 79]
oscar_wilde	maya_angelou	Oscar Wilde	Maya Angelou	59.7500	20.1665	[79, 32, 49, 79]
grand_canyon	colorado_river	Grand Canyon	Colorado River	59.5000	22.4332	[60, 55, 30, 93]
italy	vatican_hill	Italy	Vatican Hill	59.4000	35.5168	[0, 100, 43, 66, 88]
zhang_ziyi	beijing	Zhang Ziyi	Beijing	59.2000	30.8765	[74, 81, 0, 58, 83]
william_shakespeare	edgar_allan_poe	William Shakespeare	Edgar Allan Poe	59.0000	19.5038	[38, 42, 93, 63, 59]
king_arthur	england	King Arthur	England	58.7500	35.7587	[94, 0, 62, 79]
shahrukh_khan	mumbai	Shah Rukh Khan	Mumbai	58.7500	34.4048	[82, 84, 0, 69]
sachin_tendulkar	india	Sachin Tendulkar	India	58.2500	37.0025	[82, 97, 54, 0]
seoul	samsung_electronics	Seoul	Samsung Electronics	57.5000	33.8415	[81, 0, 66, 83]
james_earl_jones	angelina_jolie	James Earl Jones	Angelina Jolie	57.5000	16.5605	[61, 30, 74, 65]
london	communist_party_of_great_britain	London	Communist Party of Great Britain	57.0000	32.9090	[76, 76, 76, 0]
bbc_worldwide	condé_nast	BBC Worldwide	Condé Nast	56.8000	31.3777	[95, 54, 68, 67, 0]
harvard_university	indian_institute_of_technology_delhi	Harvard University	Indian Institute of Technology Delhi	56.0000	28.9620	[81, 59, 66, 74, 0]
gene_kelly	american_ballet_theatre	Gene Kelly	American Ballet Theatre	56.0000	33.5336	[0, 88, 63, 73]
white_house_press_corps	condé_nast	White House Press Corps	Condé Nast	55.7500	23.4774	[85, 64, 20, 54]
munich	danube	Munich	Danube	55.2500	32.7824	[68, 0, 67, 86]
fyodor_dostoyevsky	dean_koontz	Fyodor Dostoyevsky	Dean Koontz	54.7500	31.9012	[0, 77, 66, 76]
leon_trotsky	oliver_cromwell	Leon Trotsky	Oliver Cromwell	54.4000	40.2124	[53, 4, 99, 16, 100]
ghana	france	Ghana	France	54.0000	30.8707	[3, 59, 69, 85]
museo_del_prado	barcelona	Museo del Prado	Barcelona	53.6000	39.3273	[79, 13, 98, 0, 78]
jimi_hendrix	john_philip_sousa	Jimi Hendrix	John Philip Sousa	52.6000	32.5367	[71, 32, 1, 65, 94]
cary_grant	william_shatner	Cary Grant	William Shatner	52.5000	32.8519	[19, 100, 25, 66]
zinedine_zidane	paris_saint-germain_f.c.	Zinedine Zidane	Paris Saint-Germain F.C.	52.5000	46.2412	[0, 97, 13, 100]
united_kingdom	ethiopia	United Kingdom	Ethiopia	52.2500	39.7516	[0, 100, 29, 80]
congo_river	nigeria	Congo River	Nigeria	51.0000	35.0771	[81, 90, 20, 64, 0]
royal_australian_air_force	cayman_airways	Royal Australian Air Force	Cayman Airways	50.7500	31.4911	[82, 40, 77, 4]
italian_army	alfa_romeo	Italian Army	Alfa Romeo	50.5000	35.1390	[60, 98, 44, 0]
winston_churchill	bbc_worldwide	Winston Churchill	BBC Worldwide	50.4000	25.7961	[73, 59, 57, 63, 0]
julius_caesar	italy	Julius Caesar	Italy	50.2500	21.1468	[40, 61, 78, 22]
united_kingdom	barbados	United Kingdom	Barbados	50.2500	25.2228	[8, 54, 68, 71]
john_kerry	dick_cheney	John Kerry	Dick Cheney	50.0000	38.6264	[72, 100, 28, 0]
rome	mount_etna	Rome	Mount Etna	50.0000	27.3423	[80, 63, 62, 45, 0]
jeremy_clarkson	bbc_worldwide	Jeremy Clarkson	BBC Worldwide	49.8000	40.9800	[4, 0, 92, 59, 94]
guangzhou	lagos	Guangzhou	Lagos	49.8000	40.7205	[85, 79, 85, 0, 0]
gordon_brown	lyndon_b._johnson	Gordon Brown	Lyndon B. Johnson	49.6000	24.3360	[6, 59, 47, 56, 80]
oxfam	american_red_cross	Oxfam	American Red Cross	49.5000	30.8747	[58, 0, 85, 55]
anton_chekhov	oscar_wilde	Anton Chekhov	Oscar Wilde	49.4000	27.6883	[15, 33, 64, 40, 95]
rosa_parks	national_association_for_the_advancement_of_colored_people	Rosa Parks	National Association for the Advancement of Colored People	49.4000	41.9886	[0, 98, 0, 87, 62]
julius_caesar	nefertiti	Julius Caesar	Nefertiti	49.2500	39.3978	[79, 97, 15, 6]
delhi	indian_space_research_organisation	Delhi	Indian Space Research Organisation	49.0000	28.5394	[16, 58, 31, 91]
aishwarya_rai	screen_actors_guild	Aishwarya Rai	Screen Actors Guild	48.8000	36.3945	[0, 92, 69, 11, 72]
mumbai	singapore	Mumbai	Singapore	48.6000	38.7174	[58, 0, 7, 84, 94]
odysseus	mount_olympus	Odysseus	Mount Olympus	48.5000	47.1195	[100, 3, 0, 91]
frank_zappa	the_mothers_of_invention	Frank Zappa	The Mothers of Invention	48.2500	44.5779	[86, 0, 8, 99]
ethiopia	ottoman_empire	Ethiopia	Ottoman Empire	48.2500	36.2103	[34, 99, 60, 0]
cornell_university_press	university_of_massachusetts_amherst	Cornell University Press	University of Massachusetts Amherst	48.2000	22.6927	[3, 62, 59, 61, 56]
jimi_hendrix	george_carlin	Jimi Hendrix	George Carlin	47.7500	28.7522	[0, 77, 57, 57]
england	amnesty_international	England	Amnesty International	47.7500	34.4701	[100, 28, 55, 8]
palace_of_versailles	forbidden_city	Palace of Versailles	Forbidden City	47.0000	35.1710	[70, 28, 0, 90]
united_states_olympic_committee	world_boxing_organization	United States Olympic Committee	World Boxing Organization	46.5000	37.7392	[0, 100, 25, 61]
switzerland	world_economic_forum	Switzerland	World Economic Forum	46.2500	30.1610	[91, 53, 9, 32]
karl_marx	kurdistan_workers'_party	Karl Marx	Kurdistan Workers' Party	45.6000	24.7273	[50, 48, 0, 55, 75]
hungarian_natural_history_museum	budapest	Hungarian Natural History Museum	Budapest	44.8000	42.1967	[0, 100, 37, 0, 87]
ottoman_empire	russia	Ottoman Empire	Russia	44.7500	38.7710	[10, 5, 97, 67]
nelson_mandela	african_national_congress	Nelson Mandela	African National Congress	44.0000	44.0511	[85, 91, 0, 0]
mughal_empire	iran	Mughal Empire	Iran	43.5000	40.3764	[100, 63, 0, 11]
ludwig_van_beethoven	berlin	Ludwig van Beethoven	Berlin	43.5000	33.1097	[67, 0, 24, 83]
cirque_du_soleil	new_york_city_ballet	Cirque du Soleil	New York City Ballet	43.5000	33.9743	[0, 21, 81, 72]
catherine_the_great	oda_nobunaga	Catherine the Great	Oda Nobunaga	43.0000	26.2488	[0, 56, 70, 46]
ural_mountains	pearl_river_(china)	Ural Mountains	Pearl River (China)	42.2000	24.8145	[51, 69, 61, 30, 0]
julius_caesar	sophocles	Julius Caesar	Sophocles	42.0000	30.4565	[0, 73, 28, 28, 81]
glenn_beck	national_rifle_association	Glenn Beck	National Rifle Association	42.0000	33.4365	[18, 100, 59, 22, 11]
tallinn	moscow	Tallinn	Moscow	42.0000	25.7294	[42, 64, 62, 0]
shahrukh_khan	new_line_cinema	Shah Rukh Khan	New Line Cinema	41.6000	33.7437	[4, 1, 87, 54, 62]
mount_everest	grand_teton	Mount Everest	Grand Teton	41.0000	35.1212	[16, 89, 0, 59]
ibm	monsanto	IBM	Monsanto	40.8000	29.9025	[87, 10, 60, 38, 9]
qianlong_emperor	philip_ii_of_spain	Qianlong Emperor	Philip II of spain	40.4000	30.7415	[94, 27, 36, 45, 0]
kolkata	edinburgh	Kolkata	Edinburgh	40.2000	37.6372	[59, 1, 100, 41, 0]
fiji	tunisia	Fiji	Tunisia	40.2000	33.4449	[0, 0, 56, 69, 76]
small_business_administration	libertarian_party	Small Business Administration	Libertarian Party	39.2500	25.1135	[70, 43, 0, 44]
russia	warsaw	Russia	Warsaw	38.5000	22.0284	[7, 42, 69, 36]
belize	portugal	Belize	Portugal	38.0000	21.2250	[42, 71, 17, 22]
tennessee_williams	doris_day	Tennessee Williams	Doris Day	37.7500	25.0836	[0, 67, 32, 52]
monsanto	dupont	Monsanto	DuPont	37.2500	37.4525	[80, 0, 69, 0]
abraham_lincoln	rand_paul	Abraham Lincoln	Rand Paul	37.2500	26.4327	[58, 66, 25, 0]
international_atomic_energy_agency	united_nations_security_council	International Atomic Energy Agency	United Nations Security Council	36.8000	26.9919	[13, 70, 22, 10, 69]
munich	leipzig_university	Munich	Leipzig University	36.2500	36.3481	[0, 84, 2, 59]
hungary	afghanistan	Hungary	Afghanistan	36.0000	35.2987	[7, 96, 0, 23, 54]
new_york_mercantile_exchange	people's_bank_of_china	New York Mercantile Exchange	People's Bank of China	35.5000	23.0272	[0, 31, 51, 60]
j._r._r._tolkien	stan_lee	J.R.R. Tolkien	Stan Lee	35.4000	24.1296	[52, 0, 70, 22, 33]
fred_astaire	ballets_russes	Fred Astaire	Ballets Russes	35.2000	40.0769	[0, 89, 0, 79, 8]
sparta	vatican_museums	Sparta	Vatican Museums	35.2000	40.3752	[11, 100, 0, 0, 65]
karachi	kiev	Karachi	Kiev	34.7500	34.2591	[0, 68, 1, 70]
cairo	iraq	Cairo	Iraq	34.6000	35.2227	[70, 20, 83, 0, 0]
vladimir_lenin	aeroflot	Vladimir Lenin	Aeroflot	34.2000	40.6959	[0, 82, 86, 0, 3]
ivan_the_terrible	uzbekistan	Ivan the Terrible	Uzbekistan	33.8000	21.1981	[55, 53, 19, 42, 0]
volga_river	soviet_armed_forces	Volga River	Soviet Armed Forces	33.6000	41.8454	[0, 96, 0, 72, 0]
guangzhou	people's_bank_of_china	Guangzhou	People's Bank of China	33.5000	34.3911	[78, 0, 56, 0]
gautama_buddha	bangkok	Gautama Buddha	Bangkok	33.4000	30.5064	[67, 70, 0, 29, 1]
ural_mountains	volga_river	Ural Mountains	Volga River	33.2500	26.9942	[0, 65, 14, 54]
john_lennon	shahrukh_khan	John Lennon	Shah Rukh Khan	33.2500	25.6162	[55, 3, 13, 62]
united_states_olympic_committee	toronto_raptors	United States Olympic Committee	Toronto Raptors	33.2000	20.6824	[26, 43, 63, 34, 0]
charles_dickens	luciano_pavarotti	Charles Dickens	Luciano Pavarotti	33.0000	33.1889	[0, 61, 0, 71]
elvis_presley	bruce_willis	Elvis Presley	Bruce Willis	33.0000	30.7409	[0, 54, 72, 6]
taylor_swift	the_mothers_of_invention	Taylor Swift	The Mothers of Invention	32.2500	30.7439	[31, 82, 0, 16]
oscar_wilde	united_kingdom	Oscar Wilde	United Kingdom	31.5000	30.3686	[71, 51, 0, 4]
columbus,_ohio	wales	Columbus, Ohio	Wales	31.4000	37.2215	[1, 88, 64, 0, 4]
madrid	alfa_romeo	Madrid	Alfa Romeo	31.2000	17.6114	[43, 52, 32, 29, 0]
moscow_kremlin	ottoman_empire	Moscow Kremlin	Ottoman Empire	31.2000	26.1335	[21, 11, 0, 58, 66]
university_of_the_punjab	indian_army	University of the Punjab	Indian Army	31.0000	33.2491	[0, 0, 45, 79]
ban_ki-moon	unicef	Ban Ki-Moon	UNICEF	31.0000	40.6387	[100, 3, 21, 0]
national_security_agency	german_army	National Security Agency	German Army	30.4000	25.3030	[53, 0, 57, 42, 0]
world_trade_organization	united_states_department_of_homeland_security	World Trade Organization	United States Department of Homeland Security	30.2000	35.0565	[0, 84, 0, 60, 7]
north_america	conagra_foods	North America	ConAgra Foods	30.0000	31.6733	[86, 0, 38, 26, 0]
federal_highway_administration	habitat_for_humanity	Federal Highway Administration	Habitat for Humanity	30.0000	38.2832	[42, 8, 100, 0, 0]
sweden	istanbul	Sweden	Istanbul	29.6000	19.9960	[53, 1, 43, 40, 11]
new_york_city	united_states_national_guard	New York City	United States National Guard	29.4000	29.0627	[14, 10, 80, 0, 43]
the_louvre	leipzig_university	The Louvre	Leipzig University	29.0000	28.5570	[0, 4, 43, 69]
beijing	international_olympic_committee	Beijing	International Olympic Committee	29.0000	23.7171	[0, 27, 66, 23]
bill_gates	tumblr	Bill Gates	Tumblr	28.8000	37.2634	[0, 91, 0, 53, 0]
united_nations_security_council	world_economic_forum	United Nations Security Council	World Economic Forum	28.6000	35.9088	[0, 0, 59, 0, 84]
phoenix_suns	world_boxing_organization	Phoenix Suns	World Boxing Organization	28.4000	33.0188	[58, 0, 78, 6, 0]
johann_sebastian_bach	vienna	Johann Sebastian Bach	Vienna	28.2500	36.2586	[0, 1, 23, 89]
miles_davis	frank_gehry	Miles Davis	Frank Gehry	28.2000	32.0087	[0, 73, 61, 7, 0]
dale_earnhardt,_jr.	lamborghini	Dale Earnhardt, Jr.	Lamborghini	28.2000	25.1746	[52, 0, 60, 29, 0]
qianlong_emperor	cleopatra	Qianlong Emperor	Cleopatra	27.7500	24.1286	[56, 0, 8, 47]
ferrari	fc_barcelona	Ferrari	FC Barcelona	27.7500	28.1281	[0, 62, 0, 49]
world_trade_organization	london_school_of_economics	World Trade Organization	London School of Economics	27.7500	21.6145	[58, 0, 36, 17]
moscow_kremlin	white_house_press_corps	Moscow Kremlin	White House Press Corps	27.4000	26.8894	[48, 0, 68, 21, 0]
norway	london	Norway	London	27.0000	21.8403	[0, 30, 18, 60]
glenn_beck	john_mccain	Glenn Beck	John McCain	27.0000	24.0728	[28, 0, 15, 65]
mcdonald's	ibm	McDonald's	IBM	26.7500	17.4266	[18, 32, 5, 52]
fyodor_dostoyevsky	vienna	Fyodor Dostoyevsky	Vienna	26.6000	37.3984	[19, 13, 100, 1, 0]
fc_bayern_munich	technical_university_munich	F.C. Bayern Munich	Technical University Munich	26.6000	35.5055	[6, 93, 0, 34, 0]
spanish_armed_forces	united_states_department_of_homeland_security	Spanish Armed Forces	United States Department of Homeland Security	26.4000	23.2689	[18, 70, 0, 22, 22]
richard_pryor	tupac_shakur	Richard Pryor	Tupac Shakur	26.2500	26.6493	[0, 46, 0, 59]
moscow_kremlin	international_olympic_committee	Moscow Kremlin	International Olympic Committee	26.2500	26.6493	[46, 0, 59, 0]
noam_chomsky	alcoa	Noam Chomsky	Alcoa	26.0000	39.4715	[0, 94, 0, 10]
antonio_banderas	fc_barcelona	Antonio Banderas	FC Barcelona	25.8000	31.0638	[29, 16, 84, 0, 0]
the_louvre	paris_saint-germain_f.c.	The Louvre	Paris Saint-Germain F.C.	25.7500	22.8842	[17, 13, 8, 65]
australia	luxembourg	Australia	Luxembourg	25.7500	16.0526	[3, 21, 47, 32]
winston_churchill	danube	Winston Churchill	Danube	25.7500	40.1147	[95, 0, 8, 0]
abraham_lincoln	american_civil_liberties_union	Abraham Lincoln	American Civil Liberties Union	25.6000	32.8183	[83, 0, 42, 0, 3]
ayn_rand	joseph_stalin	Ayn Rand	Joseph Stalin	25.6000	27.3686	[61, 4, 57, 0, 6]
united_states	goldman_sachs	United States	Goldman Sachs	25.6000	26.0430	[51, 0, 63, 7, 7]
nicholas_ii_of_russia	franklin_d._roosevelt	Nicholas II of Russia	Franklin D. Roosevelt	25.4000	21.2471	[53, 3, 44, 27, 0]
barack_obama	united_nations_security_council	Barack Obama	United Nations Security Council	24.6000	22.9835	[52, 19, 1, 0, 51]
barack_obama	national_endowment_for_the_arts	Barack Obama	National Endowment for the Arts	24.6000	32.2466	[87, 20, 0, 16, 0]
paris	guangzhou	Paris	Guangzhou	24.5000	27.7984	[24, 70, 4, 0]
bugatti	boeing	Bugatti	Boeing	24.2000	28.8680	[11, 4, 81, 6, 19]
river_thames	carnegie_mellon_university	River Thames	Carnegie Mellon University	24.0000	34.9857	[90, 0, 0, 0, 30]
arjuna	karachi	Arjuna	Karachi	24.0000	34.9857	[0, 12, 84, 0]
cao_cao	london	Cao Cao	London	24.0000	29.1136	[75, 0, 7, 38, 0]
american_ballet_theatre	national_collegiate_athletic_association	American Ballet Theatre	National Collegiate Athletic Association	23.8000	19.1039	[46, 4, 43, 26, 0]
oscar_wilde	paris	Oscar Wilde	Paris	23.6000	38.4947	[5, 100, 0, 13, 0]
james_patterson	chicago_police_department	James Patterson	Chicago Police Department	23.2500	39.6949	[0, 92, 1, 0]
dick_cheney	iran	Dick Cheney	Iran	23.0000	17.8101	[42, 3, 33, 37, 0]
tony_blair	the_louvre	Tony Blair	The Louvre	23.0000	24.2796	[35, 0, 57, 0]
james_patterson	canada	James Patterson	Canada	22.7500	26.9757	[0, 0, 25, 66]
george_w._bush	united_states_olympic_committee	George W. Bush	United States Olympic Committee	22.7500	23.2096	[52, 0, 0, 39]
hezbollah	university_of_hamburg	Hezbollah	University of Hamburg	22.6000	23.1828	[14, 58, 0, 41, 0]
british_airways	university_of_oxford	British Airways	University of Oxford	22.5000	20.5609	[18, 16, 0, 56]
united_kingdom	paris_saint-germain_f.c.	United Kingdom	Paris Saint-Germain F.C.	22.5000	33.9743	[0, 9, 81, 0]
americorps	child_protective_services	AmeriCorps	Child Protective Services	22.2500	37.9630	[1, 0, 88, 0]
narendra_modi	indian_space_research_organisation	Narendra Modi	Indian Space Research Organisation	22.2500	36.8265	[0, 3, 86, 0]
euphrates	mexico_city	Euphrates	Mexico City	22.2000	27.6000	[0, 0, 48, 0, 63]
oceania	south_america	Oceania	South America	22.0000	26.1534	[0, 0, 24, 64]
martin_luther_king,_jr.	albert_einstein	Martin Luther King, Jr.	Albert Einstein	21.7500	28.1281	[70, 12, 3, 2]
berlin	european_central_bank	Berlin	European Central Bank	21.7500	37.6721	[0, 87, 0, 0]
vienna	lamborghini	Vienna	Lamborghini	21.7500	37.6721	[0, 87, 0, 0]
budapest	shanghai	Budapest	Shanghai	21.2500	32.8890	[7, 0, 78, 0]
lithuania	royal_new_zealand_air_force	Lithuania	Royal New Zealand Air Force	21.0000	30.3842	[0, 2, 79, 0, 24]
tiger_woods	united_states_soccer_federation	Tiger Woods	United States Soccer Federation	21.0000	30.3579	[27, 0, 78, 0, 0]
budapest	romanian_academy	Budapest	Romanian Academy	21.0000	36.3731	[0, 0, 0, 84]
fc_bayern_munich	german_army	F.C. Bayern Munich	German Army	21.0000	23.8537	[0, 0, 26, 58]
world_economic_forum	communist_party_of_great_britain	World Economic Forum	Communist Party of Great Britain	21.0000	34.5601	[0, 0, 16, 0, 89]
a._r._rahman	kolkata	A. R. Rahman	Kolkata	20.8000	30.7337	[22, 1, 0, 1, 80]
athens	united_states_olympic_committee	Athens	United States Olympic Committee	20.6000	26.0123	[22, 0, 11, 0, 70]
dilma_rousseff	colombia	Dilma Rousseff	Colombia	20.6000	30.2761	[7, 16, 0, 0, 80]
mount_ararat	roman_catholic_church	Mount Ararat	Catholic Church	20.2500	13.7181	[18, 25, 0, 38]
colin_firth	adele	Colin Firth	Adele	20.2500	28.0747	[68, 0, 0, 13]
north_korea	the_philippines	North Korea	Philippines	19.7500	33.6331	[0, 1, 78, 0]
himalayas	antarctica	Himalayas	Antarctica	19.7500	25.3414	[0, 12, 63, 4]
russia	national_security_agency	Russia	National Security Agency	19.6000	17.2696	[24, 0, 44, 30, 0]
united_states	forbidden_city	United States	Forbidden City	19.6000	18.2275	[43, 0, 17, 38, 0]
mount_vesuvius	shanghai	Mount vesuvius	Shanghai	19.5000	26.3201	[0, 14, 0, 64]
david_cameron	london_stock_exchange	David Cameron	London Stock Exchange	19.5000	32.0663	[75, 0, 3, 0]
moscow	german_army	Moscow	German Army	19.2500	19.1882	[5, 0, 49, 23]
world_boxing_organization	royal_australian_air_force	World Boxing Organization	Royal Australian Air Force	19.2500	21.8103	[0, 53, 0, 24]
boston_pops_orchestra	university_of_massachusetts_amherst	Boston Pops Orchestra	University of Massachusetts Amherst	19.0000	31.2010	[0, 3, 0, 73]
congo_river	mount_kenya	Congo River	Mount Kenya	18.8000	14.9853	[26, 29, 2, 37, 0]
j._k._rowling	albert_einstein	J. K. Rowling	Albert Einstein	18.4000	23.2258	[0, 0, 14, 15, 63]
china	united_states_olympic_committee	China	United States Olympic Committee	18.2500	20.2778	[0, 24, 0, 49]
bill_gates	j._k._rowling	Bill Gates	J. K. Rowling	18.0000	27.8209	[0, 0, 6, 66]
world_trade_organization	linkedin	World Trade Organization	LinkedIn	18.0000	22.4611	[0, 55, 0, 17]
william_shakespeare	edinburgh	William Shakespeare	Edinburgh	18.0000	21.2485	[0, 17, 2, 53]
united_nations_security_council	electronic_frontier_foundation	United Nations Security Council	Electronic Frontier Foundation	17.6000	20.0659	[4, 39, 0, 0, 45]
j._k._rowling	king_arthur	J. K. Rowling	King Arthur	17.6000	22.5796	[11, 0, 0, 16, 61]
michael_jordan	seattle_mariners	Michael Jordan	Seattle Mariners	17.5000	14.5688	[0, 7, 36, 27]
william_shakespeare	london_symphony_orchestra	William Shakespeare	London Symphony Orchestra	17.5000	21.8918	[55, 9, 0, 6]
warren_buffett	international_monetary_fund	Warren Buffett	International Monetary Fund	17.0000	24.0208	[10, 58, 0, 0]
turkey	united_nations_human_rights_council	Turkey	United Nations Human Rights Council	17.0000	25.9538	[67, 0, 0, 0, 18]
matt_damon	national_endowment_for_the_arts	Matt Damon	National Endowment for the Arts	17.0000	22.1133	[14, 0, 0, 54]
electronic_frontier_foundation	google	Electronic Frontier Foundation	Google	16.8000	20.9227	[0, 36, 0, 0, 48]
louis_xiv_of_france	bugatti	Louis XIV of France	Bugatti	16.7500	17.1956	[0, 0, 39, 28]
iceland	united_nations_security_council	Iceland	United Nations Security Council	16.7500	23.5942	[57, 0, 10, 0]
nile	algeria	Nile	Algeria	16.5000	28.5788	[0, 0, 66, 0]
dick_cheney	federal_highway_administration	Dick Cheney	Federal Highway Administration	16.5000	17.9513	[0, 23, 0, 43]
aishwarya_rai	seattle_mariners	Aishwarya Rai	Seattle Mariners	16.5000	25.2339	[0, 0, 6, 60]
bbc_worldwide	leicester_city_f.c.	BBC Worldwide	Leicester City F.C.	16.5000	21.9716	[0, 2, 10, 54]
university_of_cambridge	arsenal_f.c.	University of Cambridge	Arsenal F.C.	16.2000	16.5457	[41, 0, 10, 30, 0]
cuba	yandang_mountains	Cuba	Yandang Mountains	16.0000	21.6217	[9, 2, 53, 0]
francis_of_assisi	amnesty_international	Francis of Assisi	Amnesty International	16.0000	19.5959	[16, 0, 0, 48]
johannes_brahms	bruce_springsteen	Johannes Brahms	Bruce Springsteen	16.0000	23.8432	[7, 0, 57, 0]
wayne_gretzky	seattle_mariners	Wayne Gretzky	Seattle Mariners	15.7500	16.8579	[23, 0, 0, 40]
silvio_berlusconi	south_america	Silvio Berlusconi	South America	15.6000	21.6204	[0, 55, 23, 0, 0]
boeing	google	Boeing	Google	15.5000	26.8468	[0, 0, 0, 62]
seoul	eritrea	Seoul	Eritrea	15.5000	17.2699	[10, 2, 5, 45]
united_kingdom	mount_sinai	United Kingdom	Mount Sinai	15.4000	18.3041	[27, 0, 4, 46, 0]
kevin_durant	charlize_theron	Kevin Durant	Charlize Theron	15.4000	17.2928	[9, 22, 46, 0, 0]
sophocles	the_louvre	Sophocles	The Louvre	15.2500	22.4875	[6, 1, 54, 0]
tigris	united_states_department_of_agriculture	Tigris	United States Department of Agriculture	15.2500	24.1596	[0, 57, 0, 4]
trinity_college,_dublin	london_stock_exchange	Trinity College, Dublin	London Stock Exchange	15.0000	19.2224	[13, 0, 0, 47]
bob_dylan	los_angeles	Bob Dylan	Los Angeles	15.0000	16.0312	[0, 38, 22, 0]
nefertiti	ban_ki-moon	Nefertiti	Ban Ki-Moon	14.8000	8.9308	[12, 14, 25, 0, 23]
peru	himalayas	Peru	Himalayas	14.7500	25.5477	[0, 0, 0, 59]
new_york_city	london_stock_exchange	New York City	London Stock Exchange	14.7500	19.9296	[0, 3, 49, 7]
mark_rothko	lufthansa	Mark Rothko	Lufthansa	14.7500	20.1913	[0, 0, 10, 49]
himeji_castle	minas_tirith	Himeji Castle	Minas Tirith	14.7500	14.7542	[29, 0, 30, 0]
rand_paul	catskill_mountains	Rand Paul	Catskill Mountains	14.5000	25.1147	[0, 0, 58, 0]
river_thames	manchester_city_f.c.	River Thames	Manchester City F.C.	14.5000	17.2699	[0, 7, 44, 7]
mozambique	moscow_state_university	Mozambique	Moscow State University	14.4000	24.5487	[0, 0, 9, 0, 63]
john_kerry	george_harrison	John Kerry	George Harrison	14.4000	17.7719	[44, 26, 2, 0, 0]
river_thames	bbc_worldwide	River Thames	BBC Worldwide	14.2500	24.1078	[0, 1, 0, 56]
martin_van_buren	elizabeth_ii	Martin van Buren	Elizabeth II	14.2500	14.4633	[0, 0, 32, 25]
canada	british_airways	Canada	British Airways	14.2000	17.5317	[39, 0, 0, 0, 32]
oedipus	kim_jong-il	Oedipus	Kim Jong-il	14.2000	22.8771	[0, 0, 12, 0, 59]
stephen_king	target_corporation	Stephen King	Target Corporation	14.0000	14.8997	[6, 2, 23, 39, 0]
bill_clinton	mexico_city	Bill Clinton	Mexico City	14.0000	17.1464	[0, 42, 0, 14]
harvard_university	goldman_sachs	Harvard University	Goldman Sachs	13.7500	14.2894	[22, 0, 0, 33]
george_w._bush	yale_university	George W. Bush	Yale University	13.6000	26.7028	[67, 1, 0, 0, 0]
barack_obama	bric	Barack Obama	BRIC	13.5000	23.3827	[0, 54, 0, 0]
canada	world_trade_organization	Canada	World Trade Organization	13.4000	23.4572	[0, 0, 7, 0, 60]
kim_jong-il	tsing_hua_university	Kim Jong-il	Tsinghua University	13.2500	20.1665	[0, 48, 0, 5]
karl_marx	himeji_castle	Karl Marx	Himeji Castle	13.2500	17.9356	[7, 2, 44, 0]
oedipus	sparta	Oedipus	Sparta	13.2000	17.6341	[20, 1, 0, 45, 0]
j._k._rowling	frank_zappa	J. K. Rowling	Frank Zappa	12.8000	13.0445	[8, 9, 9, 38, 0]
gary_oldman	los_angeles	Gary Oldman	Los Angeles	12.8000	25.1030	[0, 1, 0, 63, 0]
elizabeth_ii	white_house_press_corps	Elizabeth II	White House Press Corps	12.8000	10.1469	[9, 8, 17, 30, 0]
mount_kenya	lagos	Mount Kenya	Lagos	12.8000	21.2170	[3, 0, 6, 55, 0]
oda_nobunaga	himeji_castle	Oda Nobunaga	Himeji Castle	12.8000	11.7030	[12, 24, 0, 28, 0]
winston_churchill	nepal	Winston Churchill	Nepal	12.6000	15.6665	[18, 4, 0, 41, 0]
national_collegiate_athletic_association	national_labor_relations_board	National Collegiate Athletic Association	National Labor Relations Board	12.6000	16.4146	[13, 6, 44, 0, 0]
emirates_(airline)	spanish_navy	Emirates (airline)	Spanish Navy	12.6000	16.4146	[6, 0, 44, 13, 0]
national_collegiate_athletic_association	university_of_delhi	National Collegiate Athletic Association	University of Delhi	12.5000	11.3248	[0, 3, 27, 20]
ralph_lauren	dalai_lama	Ralph Lauren	Dalai Lama	12.2500	21.2176	[0, 0, 0, 49]
queen_latifah	tumblr	Queen Latifah	Tumblr	12.2500	13.3487	[0, 32, 0, 17]
bob_dylan	tony_blair	Bob Dylan	Tony Blair	12.2500	13.9710	[0, 15, 34, 0]
international_atomic_energy_agency	university_of_tehran	International Atomic Energy Agency	University of Tehran	12.2500	21.2176	[0, 0, 49, 0]
cary_grant	new_york_city	Cary Grant	New York City	12.2500	17.3259	[0, 1, 6, 42]
vatican_museums	turkey	Vatican Museums	Turkey	12.2500	18.4442	[0, 5, 0, 44]
tokyo	colorado_river	Tokyo	Colorado River	12.0000	23.0130	[0, 0, 2, 0, 58]
george_w._bush	panama	George W. Bush	Panama	12.0000	13.0958	[13, 2, 33, 0]
lionel_messi	philip_ii_of_spain	Lionel Messi	Philip II of spain	12.0000	13.2665	[0, 32, 0, 16]
virgin_media	university_of_oxford	Virgin Media	University of Oxford	12.0000	12.0830	[0, 26, 0, 22]
jakarta	brazil	Jakarta	Brazil	11.8000	17.1860	[45, 12, 2, 0, 0]
john_steinbeck	zinedine_zidane	John Steinbeck	Zinedine Zidane	11.8000	15.4065	[19, 1, 0, 39, 0]
zhang_ziyi	universal_studios	Zhang Ziyi	Universal Studios	11.7500	20.3516	[0, 0, 0, 47]
dale_earnhardt,_jr.	north_america	Dale Earnhardt, Jr.	North America	11.7500	18.1159	[0, 4, 43, 0]
bogotá	drug_enforcement_administration	Bogotá	Drug Enforcement Administration	11.7500	19.2143	[0, 45, 0, 2]
united_states_marine_corps	alcoa	United States Marine Corps	Alcoa	11.7500	20.3516	[0, 0, 47, 0]
oxfam	university_of_toronto	Oxfam	University of Toronto	11.6000	20.3332	[0, 6, 0, 52, 0]
dizzy_gillespie	hillary_rodham_clinton	Dizzy Gillespie	Hillary Rodham Clinton	11.5000	19.9186	[0, 0, 0, 46]
ludwig_van_beethoven	italy	Ludwig van Beethoven	Italy	11.5000	17.1537	[0, 5, 0, 41]
claude_debussy	england	Claude Debussy	England	11.4000	11.6722	[9, 17, 0, 0, 31]
nefertiti	syria	Nefertiti	Syria	11.2500	18.3490	[0, 2, 43, 0]
rza	boston_pops_orchestra	RZA	Boston Pops Orchestra	11.2500	7.5952	[6, 24, 5, 10]
silvio_berlusconi	united_states_department_of_state	Silvio Berlusconi	United States Department of State	11.2500	12.5175	[10, 0, 32, 3]
danielle_steel	dale_earnhardt,_jr.	Danielle Steel	Dale Earnhardt, Jr.	11.2000	17.4287	[0, 11, 45, 0, 0]
portugal	european_space_agency	Portugal	European Space Agency	11.0000	17.3638	[0, 3, 41, 0]
ernest_hemingway	mali	Ernest Hemingway	Mali	11.0000	15.7003	[5, 1, 38, 0]
thurgood_marshall	lionel_messi	Thurgood Marshall	Lionel Messi	11.0000	20.5329	[52, 0, 3, 0, 0]
new_zealand	lufthansa	New Zealand	Lufthansa	10.8000	10.3808	[1, 16, 0, 9, 28]
tony_blair	panama	Tony Blair	Panama	10.8000	14.0769	[9, 38, 0, 7, 0]
brazil	fc_barcelona	Brazil	FC Barcelona	10.7500	13.4792	[0, 33, 0, 10]
delhi	new_york_mercantile_exchange	Delhi	New York Mercantile Exchange	10.5000	17.6139	[1, 0, 41, 0]
elizabeth_ii	antarctica	Elizabeth II	Antarctica	10.5000	17.0367	[1, 1, 40, 0]
antarctica	united_states_environmental_protection_agency	Antarctica	United States Environmental Protection Agency	10.5000	15.9609	[0, 4, 0, 38]
barack_obama	europe	Barack Obama	Europe	10.5000	12.1758	[8, 31, 0, 3]
paypal	london_school_of_economics	PayPal	London School of Economics	10.4000	17.0012	[7, 1, 0, 44, 0]
karl_lagerfeld	lord_byron	Karl Lagerfeld	Lord Byron	10.4000	12.9707	[0, 33, 0, 17, 2]
queen_victoria	paris	Queen Victoria	Paris	10.2500	17.7535	[0, 0, 0, 41]
julius_caesar	austria	Julius Caesar	Austria	10.2500	13.4048	[0, 1, 33, 7]
stone_cold_steve_austin	manchester_city_f.c.	Stone Cold Steve Austin	Manchester City F.C.	10.2000	12.4964	[26, 25, 0, 0, 0]
bram_stoker	paris	Bram Stoker	Paris	10.0000	17.3205	[0, 40, 0, 0]
alfa_romeo	fc_barcelona	Alfa Romeo	FC Barcelona	9.8000	17.2093	[5, 44, 0, 0, 0]
silvio_berlusconi	european_court_of_human_rights	Silvio Berlusconi	European Court of Human Rights	9.8000	18.1152	[1, 2, 0, 0, 46]
european_space_agency	cornell_university_press	European Space Agency	Cornell University Press	9.7500	14.1488	[0, 34, 0, 5]
habitat_for_humanity	qualcomm	Habitat for Humanity	Qualcomm	9.7500	16.8875	[0, 0, 0, 39]
bill_clinton	small_business_administration	Bill Clinton	Small Business Administration	9.7500	16.8875	[0, 39, 0, 0]
moldova	indianapolis_colts	Moldova	Indianapolis Colts	9.5000	14.7394	[1, 2, 35, 0]
henry_viii_of_england	royal_australian_air_force	Henry VIII of England	Royal Australian Air Force	9.4000	14.4720	[6, 0, 3, 0, 38]
jimmy_carter	moscow_kremlin	Jimmy Carter	Moscow Kremlin	9.4000	14.7187	[0, 9, 38, 0, 0]
canada	american_civil_liberties_union	Canada	American Civil Liberties Union	9.2500	12.3161	[7, 30, 0, 0]
jimmy_carter	small_business_administration	Jimmy Carter	Small Business Administration	9.0000	15.5885	[0, 0, 0, 36]
berlin	university_of_oslo	Berlin	University of Oslo	9.0000	9.9499	[12, 0, 0, 24]
seoul	mount_sinai	Seoul	Mount Sinai	9.0000	9.6695	[0, 23, 0, 13]
nicholas_ii_of_russia	tajikistan	Nicholas II of Russia	Tajikistan	9.0000	10.6301	[0, 26, 0, 10]
jane_austen	british_airways	Jane Austen	British Airways	8.8000	16.1171	[1, 2, 0, 0, 41]
dalai_lama	tennessee_williams	Dalai Lama	Tennessee Williams	8.7500	11.4755	[0, 7, 28, 0]
nicholas_ii_of_russia	edgar_allan_poe	Nicholas II of Russia	Edgar Allan Poe	8.6000	16.2185	[2, 0, 0, 0, 41]
los_angeles	national_collegiate_athletic_association	Los Angeles	National Collegiate Athletic Association	8.5000	14.7224	[0, 34, 0, 0]
richard_feynman	university_of_tehran	Richard Feynman	University of Tehran	8.4000	9.5833	[6, 0, 26, 10, 0]
david_tennant	royal_shakespeare_company	David Tennant	Royal Shakespeare Company	8.2500	14.2894	[0, 0, 33, 0]
mauretania	st._louis_cardinals	Mauretania	St. Louis Cardinals	8.2500	12.0286	[3, 1, 29, 0]
thurgood_marshall	united_states_environmental_protection_agency	Thurgood Marshall	United States Environmental Protection Agency	8.2000	9.6623	[3, 0, 13, 25, 0]
south_america	spanish_armed_forces	South America	Spanish Armed Forces	8.2000	7.7305	[0, 0, 15, 7, 19]
lord_byron	muhammad_ali	Lord Byron	Muhammad Ali	8.2000	15.9047	[40, 0, 1, 0, 0]
dupont	miller_brewing_company	DuPont	Miller Brewing Company	8.0000	13.2853	[0, 31, 0, 1]
vienna	german_army	Vienna	German Army	8.0000	8.4853	[20, 0, 12, 0]
indonesia_museum	sparta	Indonesia Museum	Sparta	8.0000	11.6619	[0, 30, 0, 0, 10]
australia	palace_of_versailles	Australia	Palace of Versailles	8.0000	6.5727	[12, 2, 18, 0, 8]
sierra_leone	university_of_glasgow	Sierra Leone	University of Glasgow	8.0000	5.8737	[0, 5, 12, 15]
mount_vesuvius	north_korea	Mount vesuvius	North Korea	7.8000	13.6880	[4, 0, 0, 0, 35]
bell_hooks	national_endowment_for_the_arts	bell hooks	National Endowment for the Arts	7.7500	13.4234	[0, 0, 31, 0]
angela_merkel	united_states	Angela Merkel	United States	7.7500	5.1174	[14, 0, 7, 10]
seoul	the_louvre	Seoul	The Louvre	7.7000	10.5835	[17, 9, 6, 35, 0, 1, 0, 0, 9, 0]
los_angeles	pearl_river_(china)	Los Angeles	Pearl River (China)	7.6000	9.3081	[9, 4, 0, 25, 0]
jimi_hendrix	angelina_jolie	Jimi Hendrix	Angelina Jolie	7.5000	8.6168	[0, 9, 0, 21]
mayo_clinic	mcdonald's	Mayo Clinic	McDonald's	7.5000	8.6168	[9, 0, 0, 21]
ivan_the_terrible	george_carlin	Ivan the Terrible	George Carlin	7.4000	13.3507	[3, 0, 0, 0, 34]
blue_ridge_mountains	chelsea_f.c.	Blue Ridge Mountains	Chelsea F.C.	7.2500	10.3047	[1, 3, 25, 0]
mount_etna	alfa_romeo	Mount Etna	Alfa Romeo	7.2500	9.4174	[0, 6, 23, 0]
rome	mercedes-benz	Rome	Mercedes-Benz	7.2500	8.2272	[0, 9, 0, 20]
himeji_castle	euphrates	Himeji Castle	Euphrates	7.2500	12.5574	[0, 0, 0, 29]
mcdonald's	dow_chemical_company	McDonald's	Dow Chemical Company	7.0000	8.5732	[21, 0, 7, 0]
cnn	international_atomic_energy_agency	CNN	International Atomic Energy Agency	7.0000	12.1244	[0, 0, 0, 28]
indian_air_force	new_york_city_ballet	Indian Air Force	New York City Ballet	6.8000	13.6000	[0, 0, 0, 0, 34]
nikolai_rimsky-korsakov	social_security_administration	Nikolai Rimsky-Korsakov	Social Security Administration	6.8000	13.6000	[0, 0, 0, 34, 0]
miles_davis	mississippi_river	Miles Davis	Mississippi River	6.8000	13.6000	[0, 0, 34, 0, 0]
mexico_city	spanish_navy	Mexico City	Spanish Navy	6.8000	10.0876	[0, 8, 0, 26, 0]
stephen_colbert	united_states_environmental_protection_agency	Stephen Colbert	United States Environmental Protection Agency	6.7500	11.6913	[27, 0, 0, 0]
taylor_swift	facebook	Taylor Swift	Facebook	6.7500	7.4624	[18, 0, 9, 0]
martha_stewart	gautama_buddha	Martha Stewart	Gautama Buddha	6.7500	6.7593	[14, 0, 0, 13]
bill_gates	dow_chemical_company	Bill Gates	Dow Chemical Company	6.6000	8.3809	[2, 0, 9, 22, 0]
blue_ridge_mountains	cnn	Blue Ridge Mountains	CNN	6.4000	9.8509	[1, 3, 2, 26, 0]
napoleon	dominican_republic	Napoleon	Dominican Republic	6.2000	11.4088	[1, 29, 0, 1, 0]
africa	italian_army	Africa	Italian Army	6.0000	6.6332	[8, 0, 0, 16]
mount_etna	national_labor_relations_board	Mount Etna	National Labor Relations Board	6.0000	12.0000	[0, 0, 0, 30, 0]
yandang_mountains	people's_liberation_army	Yandang Mountains	People's Liberation Army	6.0000	10.3923	[0, 0, 24, 0]
gary_oldman	rumi	Gary Oldman	Rumi	6.0000	8.2462	[0, 4, 20, 0]
danielle_steel	lithuania	Danielle Steel	Lithuania	6.0000	6.0000	[0, 0, 12, 12]
beijing	european_court_of_human_rights	Beijing	European Court of Human Rights	6.0000	9.8234	[0, 1, 23, 0]
tom_brady	forbidden_city	Tom Brady	Forbidden City	5.8000	8.2559	[0, 3, 4, 22, 0]
americorps	university_of_glasgow	AmeriCorps	University of Glasgow	5.8000	7.4404	[0, 11, 0, 0, 18]
american_heart_association	google	American Heart Association	Google	5.8000	11.1068	[0, 1, 0, 28, 0]
united_states_department_of_agriculture	boston_pops_orchestra	United States Department of Agriculture	Boston Pops Orchestra	5.8000	10.6094	[1, 1, 0, 27, 0]
new_delhi	liberia	New Delhi	Liberia	5.7500	9.9593	[23, 0, 0, 0]
abraham_lincoln	asia	Abraham Lincoln	Asia	5.7500	7.1545	[3, 2, 18, 0]
kim_jong-il	international_olympic_committee	Kim Jong-il	International Olympic Committee	5.7500	9.9593	[0, 0, 23, 0]
magnus_v_of_norway	ringo_starr	Magnus V of Norway	Ringo Starr	5.6000	10.7070	[1, 0, 0, 0, 27]
hamburg	university_of_toronto	Hamburg	University of Toronto	5.6000	5.9532	[3, 10, 15, 0, 0]
akira_kurosawa	la_galaxy	Akira Kurosawa	LA Galaxy	5.5000	9.5263	[0, 0, 22, 0]
anton_chekhov	museo_del_prado	Anton Chekhov	Museo del Prado	5.5000	9.5263	[0, 22, 0, 0]
cairo	cirque_du_soleil	Cairo	Cirque du Soleil	5.5000	7.3993	[18, 0, 4, 0]
lionel_messi	albania	Lionel Messi	Albania	5.5000	9.5263	[0, 0, 0, 22]
pythagoras	stanford_university	Pythagoras	Stanford University	5.4000	6.9742	[10, 0, 0, 0, 17]
rosario_dawson	cuba	Rosario Dawson	Cuba	5.4000	6.6813	[0, 12, 0, 15, 0]
edinburgh	european_space_agency	Edinburgh	European Space Agency	5.4000	10.8000	[27, 0, 0, 0, 0]
louis_xiv_of_france	mississippi_river	Louis XIV of France	Mississippi River	5.4000	7.9145	[3, 3, 0, 21, 0]
small_business_administration	vienna_philharmonic	Small Business Administration	Vienna Philharmonic	5.2500	9.0933	[0, 0, 0, 21]
barack_obama	taylor_swift	Barack Obama	Taylor Swift	5.2500	5.5396	[13, 0, 8, 0]
hammurabi_i	christ	Hammurabi i	Jesus	5.0000	7.0356	[0, 0, 3, 17]
bhutan	forbidden_city	Bhutan	Forbidden City	5.0000	7.5498	[2, 0, 18, 0]
hammurabi_i	syria	Hammurabi i	Syria	5.0000	8.6603	[0, 0, 20, 0]
shanghai	boeing	Shanghai	Boeing	5.0000	7.5498	[18, 0, 2, 0]
cao_cao	gautama_buddha	Cao Cao	Gautama Buddha	5.0000	8.6603	[20, 0, 0, 0]
iran	river_thames	Iran	River Thames	5.0000	8.6603	[0, 0, 0, 20]
ludwig_van_beethoven	rosa_parks	Ludwig van Beethoven	Rosa Parks	4.8000	6.1774	[0, 9, 0, 0, 15]
phoenix_suns	conagra_foods	Phoenix Suns	ConAgra Foods	4.8000	6.4000	[0, 8, 16, 0, 0]
justin_bieber	sophocles	Justin Bieber	Sophocles	4.7500	5.7173	[0, 5, 14, 0]
mount_kenya	university_of_oxford	Mount Kenya	University of Oxford	4.7500	6.1390	[0, 4, 0, 15]
russia	american_ballet_theatre	Russia	American Ballet Theatre	4.7500	6.6097	[0, 3, 16, 0]
gautama_buddha	vatican_hill	Gautama Buddha	Vatican Hill	4.7500	8.2272	[0, 0, 19, 0]
italy	national_endowment_for_the_arts	Italy	National Endowment for the Arts	4.6000	4.0299	[5, 9, 0, 9, 0]
cher	mozambique	Cher	Mozambique	4.6000	5.1225	[5, 4, 0, 14, 0]
himalayas	england	Himalayas	England	4.6000	4.9234	[0, 3, 13, 0, 7]
taylor_swift	lamborghini	Taylor Swift	Lamborghini	4.6000	7.7356	[1, 0, 2, 20, 0]
vladimir_lenin	london	Vladimir Lenin	London	4.5000	5.3151	[0, 0, 13, 5]
mikhail_gorbachev	libertarian_party	Mikhail Gorbachev	Libertarian Party	4.5000	7.7942	[0, 0, 0, 18]
george_w._bush	london	George W. Bush	London	4.5000	7.7942	[0, 0, 0, 18]
peter_o'toole	new_york_city	Peter O'Toole	New York City	4.5000	6.1847	[0, 15, 3, 0]
greenland	mcdonald's	Greenland	McDonald's	4.4000	8.3090	[0, 1, 0, 21, 0]
europe	electronic_frontier_foundation	Europe	Electronic Frontier Foundation	4.2500	5.1660	[0, 3, 13, 1]
federal_highway_administration	mcdonald's	Federal Highway Administration	McDonald's	4.2500	4.6030	[6, 0, 0, 11]
grand_canyon	federal_highway_administration	Grand Canyon	Federal Highway Administration	4.2500	7.3612	[0, 0, 0, 17]
national_museum_of_rome	matterhorn	National Roman Museum	Matterhorn	4.2500	5.3092	[0, 0, 13, 4]
alexander_hamilton	europe	Alexander Hamilton	Europe	4.2500	6.2600	[0, 2, 15, 0]
abhishek_bachchan	university_of_the_punjab	Abhishek Bachchan	University of the Punjab	4.2500	4.6030	[6, 0, 11, 0]
winston_churchill	alanis_morissette	Winston Churchill	Alanis Morissette	4.2000	5.2307	[0, 9, 12, 0, 0]
oliver_cromwell	london_symphony_orchestra	Oliver Cromwell	London Symphony Orchestra	4.2000	5.2307	[14, 0, 0, 2, 5]
gautama_buddha	south_korea	Gautama Buddha	South Korea	4.0000	6.9282	[0, 0, 0, 16]
united_airways	african_national_congress	United Airways	African National Congress	4.0000	7.5100	[0, 1, 19, 0, 0]
arjuna	frank_zappa	Arjuna	Frank Zappa	4.0000	4.2426	[6, 0, 10, 0]
nikolai_rimsky-korsakov	americorps	Nikolai Rimsky-Korsakov	AmeriCorps	4.0000	6.9282	[0, 0, 16, 0]
stone_cold_steve_austin	fiji	Stone Cold Steve Austin	Fiji	3.8000	7.1106	[0, 1, 0, 18, 0]
vienna_philharmonic	bbc_worldwide	Vienna Philharmonic	BBC Worldwide	3.7500	3.8971	[9, 0, 6, 0]
the_bahamas	bugatti	The Bahamas	Bugatti	3.7500	4.4931	[0, 0, 11, 4]
world_boxing_organization	european_space_agency	World Boxing Organization	European Space Agency	3.7500	4.1458	[0, 5, 0, 10]
karl_marx	manchester_united_f.c.	Karl Marx	Manchester United F.C.	3.6000	6.7112	[0, 1, 0, 17, 0]
ludwig_van_beethoven	bugatti	Ludwig van Beethoven	Bugatti	3.6000	6.2482	[0, 2, 0, 0, 16]
tony_blair	cameroon	Tony Blair	Cameroon	3.5000	6.0622	[0, 0, 14, 0]
serbia	florida_panthers	Serbia	Florida Panthers	3.4000	4.9234	[1, 3, 0, 13, 0]
italian_army	virgin_media	Italian Army	Virgin Media	3.2500	3.6997	[9, 0, 4, 0]
confucius	second_vatican_council	Confucius	Second Vatican Council	3.2500	3.4187	[0, 5, 0, 8]
fc_seoul	national_endowment_for_the_arts	F.C. Seoul	National Endowment for the Arts	3.2000	6.4000	[16, 0, 0, 0, 0]
queen_victoria	peter_o'toole	Queen Victoria	Peter O'Toole	3.0000	5.1962	[0, 0, 12, 0]
dwayne_johnson	national_collegiate_athletic_association	Dwayne Johnson	National Collegiate Athletic Association	3.0000	6.0000	[0, 0, 15, 0, 0]
ronald_reagan	catskill_mountains	Ronald Reagan	Catskill Mountains	3.0000	5.1962	[12, 0, 0, 0]
air_canada	samsung_electronics	Air Canada	Samsung Electronics	3.0000	3.6742	[9, 0, 3, 0]
ivan_the_terrible	technical_university_munich	Ivan the Terrible	Technical University Munich	3.0000	4.6368	[0, 11, 1, 0]
united_states	hezbollah	United States	Hezbollah	3.0000	4.6476	[3, 0, 12, 0, 0]
mahatma_gandhi	new_zealand	Mahatma Gandhi	New Zealand	2.8000	3.6551	[5, 0, 0, 9, 0]
burkina_faso	americorps	Burkina Faso	AmeriCorps	2.8000	3.4871	[0, 6, 8, 0, 0]
karl_marx	tsing_hua_university	Karl Marx	Tsinghua University	2.8000	5.1147	[13, 0, 1, 0, 0]
south_korea	mount_etna	South Korea	Mount Etna	2.8000	5.6000	[0, 0, 0, 14, 0]
brad_pitt	church_of_scientology	Brad Pitt	Church of Scientology	2.7500	4.7631	[0, 0, 0, 11]
zagreb	rocky_mountains	Zagreb	Rocky Mountains	2.7500	4.2057	[0, 1, 10, 0]
edmonton_oilers	united_nations_human_rights_council	Edmonton Oilers	United Nations Human Rights Council	2.7500	4.7631	[0, 0, 11, 0]
the_louvre	british_airways	The Louvre	British Airways	2.7500	4.7631	[0, 0, 11, 0]
aishwarya_rai	vatican_city	Aishwarya Rai	Vatican City	2.7500	3.2692	[8, 0, 3, 0]
groucho_marx	crimean_mountains	Groucho Marx	Crimean Mountains	2.6000	3.3823	[3, 9, 0, 0, 1]
martin_luther	north_america	Martin Luther	North America	2.5000	2.6926	[0, 2, 1, 7]
mahatma_gandhi	seoul	Mahatma Gandhi	Seoul	2.5000	2.5981	[0, 4, 0, 6]
frank_zappa	india	Frank Zappa	India	2.5000	4.3301	[0, 10, 0, 0]
cao_cao	george_clooney	Cao Cao	George Clooney	2.4000	2.9394	[6, 0, 0, 0, 6]
george_clooney	habitat_for_humanity	George Clooney	Habitat for Humanity	2.3333	4.3716	[0, 0, 0, 11, 0, 0, 0, 10, 0]
kim_jong-il	iran	Kim Jong-il	Iran	2.2500	3.3448	[0, 8, 1, 0]
europe	mississippi_river	Europe	Mississippi River	2.2500	2.4875	[6, 0, 3, 0]
wyoming	lebanon	Wyoming	Lebanon	2.2500	2.8614	[7, 2, 0, 0]
lagos	eton_college	Lagos	Eton College	2.2500	3.8971	[0, 0, 0, 9]
mississippi_river	moscow_kremlin	Mississippi River	Moscow Kremlin	2.2500	2.8614	[0, 7, 0, 2]
vienna_philharmonic	ferrari	Vienna Philharmonic	Ferrari	2.2000	2.8566	[4, 0, 0, 7, 0]
mexico_city	catskill_mountains	Mexico City	Catskill Mountains	2.2000	3.4871	[9, 0, 2, 0, 0]
julian_assange	afghanistan	Julian Assange	Afghanistan	2.0000	3.5214	[0, 0, 1, 0, 9]
nigeria	miller_brewing_company	Nigeria	Miller Brewing Company	2.0000	2.9155	[1, 0, 7, 0]
bhutan	new_york_mercantile_exchange	Bhutan	New York Mercantile Exchange	2.0000	3.4641	[0, 0, 8, 0]
leonard_nimoy	himeji_castle	Leonard Nimoy	Himeji Castle	2.0000	3.4641	[0, 0, 0, 8]
palace_of_versailles	cairo	Palace of Versailles	Cairo	2.0000	2.0000	[0, 4, 4, 0]
angela_merkel	moscow	Angela Merkel	Moscow	2.0000	2.4495	[0, 2, 0, 6]
j._r._r._tolkien	london_school_of_economics	J.R.R. Tolkien	London School of Economics	2.0000	2.9155	[0, 7, 1, 0]
south_korea	university_of_cambridge	South Korea	University of Cambridge	2.0000	3.4641	[0, 0, 0, 8]
athens	national_security_agency	Athens	National Security Agency	2.0000	2.1213	[0, 3, 0, 5]
african_national_congress	air_canada	African National Congress	Air Canada	2.0000	2.1213	[5, 0, 3, 0]
queen_victoria	antonio_banderas	Queen Victoria	Antonio Banderas	2.0000	3.4641	[8, 0, 0, 0]
mikhail_gorbachev	edinburgh	Mikhail Gorbachev	Edinburgh	2.0000	3.0984	[0, 0, 8, 2, 0]
mahatma_gandhi	north_korea	Mahatma Gandhi	North Korea	2.0000	3.4641	[0, 0, 0, 8]
magnus_v_of_norway	chelsea_f.c.	Magnus V of Norway	Chelsea F.C.	2.0000	2.7568	[7, 0, 0, 0, 3]
ukraine	phoenix_suns	Ukraine	Phoenix Suns	1.8000	2.2271	[5, 0, 4, 0, 0]
mauretania	ohio_state_university	Mauretania	Ohio State University	1.8000	2.4000	[0, 6, 3, 0, 0]
colorado_river	royal_geographical_society	Colorado River	Royal Geographical Society	1.8000	3.6000	[0, 0, 9, 0, 0]
oscar_wilde	british_airways	Oscar Wilde	British Airways	1.7500	3.0311	[0, 0, 7, 0]
pfizer	manchester_united_f.c.	Pfizer	Manchester United F.C.	1.7500	2.4875	[0, 6, 1, 0]
colin_firth	warsaw	Colin Firth	Warsaw	1.7500	3.0311	[0, 0, 7, 0]
paris_saint-germain_f.c.	church_of_scientology	Paris Saint-Germain F.C.	Church of Scientology	1.7500	2.4875	[1, 0, 0, 6]
odysseus	norway	Odysseus	Norway	1.7500	2.4875	[6, 0, 0, 1]
portugal	catskill_mountains	Portugal	Catskill Mountains	1.6000	1.3565	[3, 3, 2, 0, 0]
cameroon	chicago_police_department	Cameroon	Chicago Police Department	1.6000	2.3324	[0, 0, 2, 0, 6]
michael_jordan	world_boxing_organization	Michael Jordan	World Boxing Organization	1.6000	2.0591	[0, 3, 0, 5, 0]
rocky_mountains	united_states_army	Rocky Mountains	United States Army	1.5000	2.5981	[0, 6, 0, 0]
charles_babbage	samsung_electronics	Charles Babbage	Samsung Electronics	1.5000	2.0616	[0, 5, 1, 0]
hirohito	burkina_faso	Hirohito	Burkina Faso	1.5000	2.5981	[0, 0, 0, 6]
florida_panthers	social_security_administration	Florida Panthers	Social Security Administration	1.5000	2.0616	[0, 1, 0, 5]
mexico_city	yangtze_river	Mexico City	Yangtze	1.5000	2.5981	[0, 0, 6, 0]
shanghai_art_museum	catskill_mountains	Shanghai art museum	Catskill Mountains	1.5000	2.5981	[0, 0, 6, 0]
daniel_radcliffe	berlin	Daniel Radcliffe	Berlin	1.5000	2.5981	[0, 6, 0, 0]
joseph_stalin	river_thames	Joseph Stalin	River Thames	1.5000	2.0616	[5, 0, 1, 0]
archimedes	vatican_hill	Archimedes	Vatican Hill	1.5000	1.6583	[0, 4, 0, 2]
karl_marx	south_america	Karl Marx	South America	1.2500	2.1651	[0, 5, 0, 0]
the_church_of_jesus_christ_of_latter-day_saints	university_of_tehran	The Church of Jesus Christ of Latter-day Saints	University of Tehran	1.2500	1.2990	[0, 2, 0, 3]
cao_cao	tom_brady	Cao Cao	Tom Brady	1.2500	1.2990	[3, 0, 2, 0]
francis_of_assisi	ringo_starr	Francis of Assisi	Ringo Starr	1.2500	1.2990	[0, 3, 2, 0]
tom_clancy	north_korea	Tom Clancy	North Korea	1.2500	2.1651	[0, 0, 5, 0]
richard_nixon	canada	Richard Nixon	Canada	1.2500	1.6394	[0, 4, 1, 0]
fc_dynamo_voronezh	soviet_armed_forces	F.C. Dynamo Voronezh	Soviet Armed Forces	1.2500	2.1651	[0, 5, 0, 0]
vatican_hill	habitat_for_humanity	Vatican Hill	Habitat for Humanity	1.2500	2.1651	[0, 0, 5, 0]
jon_stewart	miller_brewing_company	Jon Stewart	Miller Brewing Company	1.2000	2.4000	[0, 0, 6, 0, 0]
alcoholics_anonymous	ukrainian_premier_league	Alcoholics Anonymous	Ukrainian Premier League	1.2000	1.6000	[0, 2, 4, 0, 0]
sparta	pfizer	Sparta	Pfizer	1.2000	2.4000	[6, 0, 0, 0, 0]
sudan	american_ballet_theatre	Sudan	American Ballet Theatre	1.0000	1.7321	[0, 0, 0, 4]
george_carlin	spanish_armed_forces	George Carlin	Spanish Armed Forces	1.0000	1.0954	[1, 3, 0, 0, 1]
bell_hooks	pfizer	bell hooks	Pfizer	1.0000	1.7321	[0, 0, 0, 4]
oliver_cromwell	tumblr	Oliver Cromwell	Tumblr	1.0000	1.0954	[1, 3, 0, 0, 1]
yangtze_river	university_of_notre_dame	Yangtze	University of Notre Dame	1.0000	1.2247	[0, 3, 1, 0]
groucho_marx	fiji	Groucho Marx	Fiji	1.0000	1.7321	[4, 0, 0, 0]
johann_sebastian_bach	nicholas_ii_of_russia	Johann Sebastian Bach	Nicholas II of Russia	1.0000	1.7321	[4, 0, 0, 0]
abraham_lincoln	world_economic_forum	Abraham Lincoln	World Economic Forum	1.0000	1.7321	[4, 0, 0, 0]
palace_of_versailles	ohio_state_university	Palace of Versailles	Ohio State University	1.0000	1.2247	[0, 1, 3, 0]
sachin_tendulkar	stanford_university	Sachin Tendulkar	Stanford University	1.0000	1.7321	[0, 4, 0, 0]
rijksmuseum	antarctica	Rijksmuseum	Antarctica	1.0000	1.7321	[4, 0, 0, 0]
spanish_armed_forces	pfizer	Spanish Armed Forces	Pfizer	1.0000	1.7321	[0, 4, 0, 0]
albania	european_space_agency	Albania	European Space Agency	1.0000	1.7321	[0, 0, 4, 0]
jimi_hendrix	miller_brewing_company	Jimi Hendrix	Miller Brewing Company	0.8000	1.6000	[4, 0, 0, 0, 0]
j._k._rowling	italy	J. K. Rowling	Italy	0.8000	1.6000	[4, 0, 0, 0, 0]
gustav_mahler	fc_seoul	Gustav Mahler	F.C. Seoul	0.8000	1.6000	[0, 0, 0, 0, 4]
american_civil_liberties_union	united_states_department_of_agriculture	American Civil Liberties Union	United States Department of Agriculture	0.7500	1.2990	[0, 3, 0, 0]
china	cnn	China	CNN	0.7500	1.2990	[0, 0, 0, 3]
ferdinand_vii_of_spain	tiger_woods	Ferdinand VII of Spain	Tiger Woods	0.7500	0.8292	[0, 2, 0, 1]
tiger_woods	yangtze_river	Tiger Woods	Yangtze	0.7500	1.2990	[0, 0, 3, 0]
george_clooney	shanghai_sharks	George Clooney	Shanghai Sharks	0.7500	1.2990	[0, 0, 0, 3]
crimean_mountains	international_atomic_energy_agency	Crimean Mountains	International Atomic Energy Agency	0.7500	1.2990	[0, 3, 0, 0]
alanis_morissette	china	Alanis Morissette	China	0.7500	1.2990	[0, 0, 0, 3]
edmonton_oilers	dow_chemical_company	Edmonton Oilers	Dow Chemical Company	0.7500	0.8292	[0, 2, 1, 0]
ramesses_ii	leicester_city_f.c.	Ramesses II	Leicester City F.C.	0.7500	1.2990	[0, 0, 0, 3]
grand_canyon	miller_brewing_company	Grand Canyon	Miller Brewing Company	0.7500	1.2990	[0, 3, 0, 0]
busta_rhymes	conagra_foods	Busta Rhymes	ConAgra Foods	0.6000	1.2000	[3, 0, 0, 0, 0]
qin_shi_huang	barbados	Qin Shi Huang	Barbados	0.6000	0.4899	[1, 1, 1, 0, 0]
sandra_day_o'connor	indian_institute_of_technology_delhi	Sandra Day O'Connor	Indian Institute of Technology Delhi	0.6000	0.8000	[1, 0, 2, 0, 0]
tom_clancy	afghanistan	Tom Clancy	Afghanistan	0.6000	0.8000	[2, 0, 0, 0, 1]
elvis_presley	delhi	Elvis Presley	Delhi	0.6000	1.2000	[3, 0, 0, 0, 0]
karl_marx	fc_dynamo_voronezh	Karl Marx	F.C. Dynamo Voronezh	0.6000	0.8000	[0, 1, 0, 0, 2]
queen_victoria	syria	Queen Victoria	Syria	0.6000	0.8000	[1, 0, 2, 0, 0]
frederick_i,_holy_roman_emperor	danielle_steel	Frederick I, Holy Roman Emperor	Danielle Steel	0.5000	0.5000	[0, 1, 0, 1]
michael_jackson	ferrari	Michael Jackson	Ferrari	0.5000	0.8660	[0, 2, 0, 0]
social_security_administration	german_army	Social Security Administration	German Army	0.5000	0.8660	[0, 2, 0, 0]
catherine_the_great	paypal	Catherine the Great	PayPal	0.5000	0.8660	[0, 2, 0, 0]
achilles	university_of_north_carolina_at_greensboro	Achilles	University of North Carolina at Greensboro	0.5000	0.8660	[0, 2, 0, 0]
peru	mercedes-benz	Peru	Mercedes-Benz	0.5000	0.8660	[0, 0, 0, 2]
martin_van_buren	united_states_department_of_homeland_security	Martin van Buren	United States Department of Homeland Security	0.5000	0.8660	[2, 0, 0, 0]
tennessee_williams	indian_space_research_organisation	Tennessee Williams	Indian Space Research Organisation	0.5000	0.5000	[0, 1, 0, 1]
virgil	federal_highway_administration	Virgil	Federal Highway Administration	0.5000	0.8660	[0, 0, 2, 0]
harvard_law_school	green_party	Harvard Law School	Green Party	0.5000	0.8660	[2, 0, 0, 0]
child_protective_services	german_navy	Child Protective Services	German Navy	0.5000	0.8660	[0, 0, 2, 0]
john_mccain	grand_canyon	John McCain	Grand Canyon	0.4000	0.8000	[0, 2, 0, 0, 0]
rumi	alfa_romeo	Rumi	Alfa Romeo	0.4000	0.8000	[0, 0, 2, 0, 0]
uzbekistan	shanghai_sharks	Uzbekistan	Shanghai Sharks	0.4000	0.4899	[1, 0, 1, 0, 0]
yasser_arafat	edmonton_oilers	Yasser Arafat	Edmonton Oilers	0.4000	0.8000	[2, 0, 0, 0, 0]
richard_feynman	paris-sorbonne_university	Richard Feynman	Paris-Sorbonne University	0.2500	0.4330	[0, 1, 0, 0]
nefertiti	university_of_copenhagen	Nefertiti	University of Copenhagen	0.2500	0.4330	[0, 0, 1, 0]
green_party	memorial_sloan_kettering_cancer_center	Green Party	Memorial Sloan Kettering Cancer Center	0.2500	0.4330	[0, 0, 1, 0]
fred_astaire	nepal	Fred Astaire	Nepal	0.2500	0.4330	[0, 1, 0, 0]
karachi	edmonton_oilers	Karachi	Edmonton Oilers	0.2500	0.4330	[0, 0, 0, 1]
ernest_hemingway	oceania	Ernest Hemingway	Oceania	0.2500	0.4330	[0, 1, 0, 0]
archimedes	chicago_mercantile_exchange	Archimedes	Chicago Mercantile Exchange	0.2500	0.4330	[0, 0, 0, 1]
michelangelo	mississippi_river	Michelangelo	Mississippi River	0.2000	0.4000	[0, 0, 1, 0, 0]
silvio_berlusconi	portugal	Silvio Berlusconi	Portugal	0.0000	0.0000	[0, 0, 0, 0]
michael_jordan	kosovo	Michael Jordan	Kosovo	0.0000	0.0000	[0, 0, 0, 0]
matterhorn	alcoholics_anonymous	Matterhorn	Alcoholics Anonymous	0.0000	0.0000	[0, 0, 0, 0]
lady_gaga	iraq	Lady Gaga	Iraq	0.0000	0.0000	[0, 0, 0, 0]
catskill_mountains	united_states_marine_corps	Catskill Mountains	United States Marine Corps	0.0000	0.0000	[0, 0, 0, 0]
sherlock_holmes	united_states	Sherlock Holmes	United States	0.0000	0.0000	[0, 0, 0, 0]
danielle_steel	international_atomic_energy_agency	Danielle Steel	International Atomic Energy Agency	0.0000	0.0000	[0, 0, 0, 0]
university_of_the_punjab	tumblr	University of the Punjab	Tumblr	0.0000	0.0000	[0, 0, 0, 0]
miley_cyrus	italian_army	Miley Cyrus	Italian Army	0.0000	0.0000	[0, 0, 0, 0]
ukraine	international_atomic_energy_agency	Ukraine	International Atomic Energy Agency	0.0000	0.0000	[0, 0, 0, 0]
william_shakespeare	aishwarya_rai	William Shakespeare	Aishwarya Rai	0.0000	0.0000	[0, 0, 0, 0]
bell_hooks	africa	bell hooks	Africa	0.0000	0.0000	[0, 0, 0, 0]
paris	the_church_of_jesus_christ_of_latter-day_saints	Paris	The Church of Jesus Christ of Latter-day Saints	0.0000	0.0000	[0, 0, 0, 0, 0]
facebook	university_of_toronto	Facebook	University of Toronto	0.0000	0.0000	[0, 0, 0, 0]
kim_jong-il	bbc_worldwide	Kim Jong-il	BBC Worldwide	0.0000	0.0000	[0, 0, 0, 0]
royal_geographical_society	child_protective_services	Royal Geographical Society	Child Protective Services	0.0000	0.0000	[0, 0, 0, 0]
martin_van_buren	stone_cold_steve_austin	Martin van Buren	Stone Cold Steve Austin	0.0000	0.0000	[0, 0, 0, 0]
mayo_clinic	united_nations_security_council	Mayo Clinic	United Nations Security Council	0.0000	0.0000	[0, 0, 0, 0]
